0.0,-0.5286028220000001,-0.343454502,1.128553931,0.1617025269999999,0.0,0.0
1.0,-1.736944911,-1.802002198,0.383827971,2.244319558,1.0,0.0
2.0,-0.8074509959999999,-0.202945942,-0.360897989,-0.879605988,1.0,0.0
3.0,0.390083024,0.596582186,-1.850349908,-0.879605988,0.0,0.0
4.0,-1.045228509,-0.602710006,0.011464991,0.1617025269999999,0.0,0.0
5.0,0.467901119,-0.202945942,-0.733260969,0.1617025269999999,1.0,0.0
6.0,0.5132950079999999,0.596582186,0.7561909509999999,1.203011042,1.0,0.0
7.0,-1.045228509,-1.337276106,1.128553931,-0.879605988,0.0,0.0
8.0,0.7489109070000001,0.99634625,0.011464991,1.203011042,1.0,0.0
9.0,-0.396744383,-0.602710006,0.383827971,0.1617025269999999,1.0,0.0
10.0,0.022608686,0.1968181219999999,0.011464991,0.1617025269999999,0.0,0.0
11.0,-1.131693059,-0.602710006,1.128553931,0.1617025269999999,0.0,0.0
12.0,-1.283006022,-1.402238134,1.128553931,-0.879605988,0.0,0.0
13.0,1.064506516,1.2121639,0.011464991,-0.879605988,1.0,0.0
14.0,-0.288663695,0.1968181219999999,0.011464991,-0.879605988,1.0,0.0
15.0,0.489517257,0.596582186,-0.733260969,0.1617025269999999,1.0,0.0
16.0,0.489517257,0.99634625,-0.733260969,0.1617025269999999,0.0,0.0
17.0,0.078810643,-0.202945942,0.383827971,-0.879605988,0.0,0.0
18.0,1.138001383,0.99634625,0.7561909509999999,0.1617025269999999,1.0,0.0
19.0,-1.066844647,-0.602710006,0.7561909509999999,0.1617025269999999,0.0,0.0
20.0,1.181233658,1.396110314,-0.360897989,2.244319558,0.0,0.0
21.0,0.403052707,0.596582186,-1.1056239490000002,-0.879605988,0.0,0.0
22.0,1.310930484,1.396110314,-1.4779869280000002,1.203011042,1.0,0.0
23.0,-0.872299409,-0.602710006,0.383827971,2.244319558,0.0,0.0
24.0,0.316588156,0.1968181219999999,-0.360897989,1.203011042,0.0,0.0
25.0,0.403052707,0.1968181219999999,-0.360897989,-0.879605988,0.0,0.0
26.0,-0.059532637,-0.602710006,-0.360897989,0.1617025269999999,0.0,0.0
27.0,-0.115734595,1.396110314,0.383827971,0.1617025269999999,0.0,0.0
28.0,1.22230432,2.195638443,-1.4779869280000002,-0.879605988,0.0,0.0
29.0,0.965072283,0.1968181219999999,-0.360897989,-0.879605988,1.0,0.0
30.0,0.878607733,0.596582186,-0.360897989,0.1617025269999999,0.0,0.0
31.0,-0.072502319,0.596582186,-0.733260969,2.244319558,0.0,0.0
32.0,-2.320580625,-3.00129439,1.873279891,-0.879605988,0.0,0.0
33.0,-2.017954699,-1.802002198,1.873279891,1.203011042,0.0,0.0
34.0,-0.634521896,-0.602710006,1.128553931,0.1617025269999999,0.0,0.0
35.0,1.202849796,1.396110314,-1.4779869280000002,0.1617025269999999,0.0,0.0
36.0,1.505475722,0.1968181219999999,-1.4779869280000002,0.1617025269999999,1.0,0.0
37.0,0.165275194,0.1968181219999999,-1.1056239490000002,2.244319558,0.0,0.0
38.0,0.90022387,0.99634625,0.011464991,0.1617025269999999,0.0,0.0
39.0,1.483859584,0.99634625,-0.360897989,0.1617025269999999,0.0,0.0
40.0,1.181233658,-0.602710006,-0.360897989,2.244319558,0.0,0.0
41.0,-1.931490149,-1.802002198,1.873279891,-0.879605988,0.0,0.0
42.0,1.386586965,0.99634625,-0.733260969,1.203011042,1.0,0.0
43.0,0.81375932,0.596582186,-0.360897989,-0.879605988,1.0,0.0
44.0,-0.037916499,0.596582186,0.383827971,0.1617025269999999,0.0,0.0
45.0,0.770527045,0.99634625,-0.360897989,0.1617025269999999,0.0,0.0
46.0,0.269032654,0.1968181219999999,0.383827971,0.1617025269999999,0.0,0.0
47.0,-0.115734595,-0.202945942,-0.733260969,0.1617025269999999,1.0,0.0
48.0,-0.461592795,-0.202945942,1.128553931,1.203011042,1.0,0.0
49.0,1.181233658,0.99634625,-0.360897989,-0.879605988,1.0,0.0
50.0,0.965072283,1.396110314,0.011464991,0.1617025269999999,1.0,0.0
51.0,0.186891331,0.596582186,0.7561909509999999,-0.879605988,0.0,0.0
52.0,1.310930484,0.596582186,-0.360897989,2.244319558,0.0,0.0
53.0,1.505475722,1.396110314,-0.360897989,0.1617025269999999,1.0,0.0
54.0,1.1877185,0.596582186,-0.360897989,0.1617025269999999,0.0,0.0
55.0,0.3382042939999999,0.596582186,-0.733260969,0.1617025269999999,0.0,0.0
56.0,-1.909874011,-1.802002198,2.245642871,-0.879605988,0.0,0.0
57.0,1.0731529709999998,1.396110314,-0.733260969,-0.879605988,0.0,0.0
58.0,0.392244638,-0.202945942,-0.733260969,-0.879605988,0.0,0.0
59.0,-0.137350732,0.1968181219999999,0.011464991,2.244319558,1.0,0.0
60.0,0.359820432,0.1968181219999999,-0.360897989,0.1617025269999999,0.0,0.0
61.0,1.267698209,0.1968181219999999,-0.733260969,0.1617025269999999,1.0,0.0
62.0,-0.115734595,0.1968181219999999,-0.360897989,-0.879605988,1.0,0.0
63.0,0.359820432,0.596582186,0.383827971,-0.879605988,0.0,0.0
64.0,0.575981807,0.596582186,-0.360897989,1.203011042,0.0,0.0
65.0,-0.872299409,-0.602710006,0.7561909509999999,0.1617025269999999,1.0,0.0
66.0,-0.958763959,-0.202945942,0.011464991,1.203011042,1.0,0.0
67.0,0.7597189759999999,0.99634625,-0.733260969,-0.879605988,0.0,0.0
68.0,-1.326238297,-1.00247407,0.383827971,2.244319558,0.0,0.0
69.0,0.316588156,0.596582186,-0.733260969,0.1617025269999999,0.0,0.0
70.0,-1.21815761,-1.00247407,1.128553931,1.203011042,1.0,0.0
71.0,-0.850683271,-0.202945942,0.7561909509999999,-0.879605988,0.0,0.0
72.0,1.008304558,0.596582186,-0.360897989,0.1617025269999999,1.0,0.0
73.0,0.078810643,0.1968181219999999,1.128553931,0.1617025269999999,0.0,0.0
74.0,-0.288663695,0.1968181219999999,-0.360897989,-0.879605988,0.0,0.0
75.0,1.2893143459999998,0.1968181219999999,0.7561909509999999,1.203011042,1.0,0.0
76.0,0.921840008,1.396110314,0.011464991,0.1617025269999999,0.0,0.0
77.0,-0.612905758,-0.202945942,0.7561909509999999,0.1617025269999999,0.0,0.0
78.0,-1.585631948,-1.402238134,1.128553931,-0.879605988,1.0,0.0
79.0,0.856991595,1.795874379,0.011464991,-0.879605988,0.0,0.0
80.0,-0.029270044,-0.202945942,0.383827971,-0.879605988,0.0,0.0
81.0,0.90022387,1.396110314,-0.360897989,2.244319558,0.0,0.0
82.0,-1.974722424,-2.201766262,2.618005851,-0.879605988,0.0,0.0
83.0,-0.8290671340000001,2.195638443,1.128553931,1.203011042,1.0,0.0
84.0,-0.15896687,-0.202945942,0.7561909509999999,1.203011042,0.0,0.0
85.0,-0.5264412079999999,-1.00247407,0.011464991,-0.879605988,1.0,0.0
86.0,-0.15896687,-0.602710006,-0.360897989,-0.879605988,1.0,0.0
87.0,-0.4832089329999999,0.1968181219999999,-0.360897989,-0.879605988,1.0,0.0
88.0,1.127193315,0.99634625,-1.4779869280000002,-0.879605988,0.0,0.0
89.0,-0.4832089329999999,-0.202945942,1.128553931,0.1617025269999999,0.0,0.0
90.0,1.064506516,0.99634625,0.011464991,-0.879605988,0.0,0.0
91.0,1.32606178,0.99634625,-0.360897989,1.203011042,0.0,0.0
92.0,-1.283006022,-1.00247407,1.873279891,-0.879605988,0.0,0.0
93.0,-0.50482507,0.1968181219999999,-0.360897989,2.244319558,1.0,0.0
94.0,0.835375458,0.99634625,-0.733260969,0.1617025269999999,1.0,0.0
95.0,0.4268304579999999,0.99634625,-0.733260969,-0.879605988,0.0,0.0
96.0,0.856991595,0.596582186,-1.1056239490000002,0.1617025269999999,0.0,0.0
97.0,0.424668844,0.596582186,-0.733260969,1.203011042,1.0,0.0
98.0,0.403052707,0.1968181219999999,0.011464991,-0.879605988,1.0,0.0
99.0,0.684062495,0.596582186,-0.360897989,0.1617025269999999,0.0,0.0
100.0,0.316588156,0.596582186,-1.4779869280000002,-0.879605988,0.0,0.0
101.0,-0.915531684,-1.00247407,1.128553931,-0.879605988,0.0,1.0
102.0,-1.045228509,-1.00247407,0.7561909509999999,-0.879605988,1.0,1.0
103.0,-2.061186974,-2.201766262,2.618005851,-0.879605988,1.0,1.0
104.0,-0.4832089329999999,0.1968181219999999,0.011464991,0.1617025269999999,1.0,1.0
105.0,0.122042918,-0.202945942,0.011464991,2.244319558,0.0,1.0
106.0,-0.007653907,0.1968181219999999,-0.360897989,-0.879605988,1.0,1.0
107.0,-0.548057346,0.1968181219999999,0.011464991,1.203011042,1.0,1.0
108.0,0.165275194,0.596582186,0.7561909509999999,-0.879605988,0.0,1.0
109.0,0.240931675,0.596582186,1.128553931,0.1617025269999999,1.0,1.0
110.0,0.230123606,0.99634625,0.383827971,1.203011042,0.0,1.0
111.0,0.381436569,0.596582186,-0.360897989,-0.879605988,1.0,1.0
112.0,-0.5264412079999999,0.1968181219999999,0.383827971,0.1617025269999999,0.0,1.0
113.0,-1.283006022,-1.00247407,1.128553931,1.203011042,1.0,1.0
114.0,-0.720986446,-0.602710006,1.128553931,0.1617025269999999,1.0,1.0
115.0,-0.148158801,0.1968181219999999,0.383827971,1.203011042,1.0,1.0
116.0,0.802951251,0.99634625,-1.4779869280000002,1.203011042,0.0,1.0
117.0,0.856991595,0.596582186,-0.733260969,0.1617025269999999,0.0,1.0
118.0,-0.029270044,-0.602710006,0.011464991,0.1617025269999999,1.0,1.0
119.0,0.770527045,0.596582186,-0.360897989,0.1617025269999999,1.0,1.0
120.0,-0.223815282,-0.202945942,0.383827971,-0.879605988,1.0,1.0
121.0,-1.153309197,-1.402238134,1.128553931,0.1617025269999999,0.0,1.0
122.0,-1.088460784,-1.402238134,1.128553931,0.1617025269999999,0.0,1.0
123.0,0.316588156,0.596582186,-0.360897989,-0.879605988,0.0,1.0
124.0,-2.45027745,-2.601530326,2.618005851,-0.879605988,0.0,1.0
125.0,1.202849796,0.99634625,-1.850349908,0.1617025269999999,0.0,1.0
126.0,-1.0019962340000002,-1.802002198,1.128553931,-0.879605988,0.0,1.0
127.0,-1.520783535,-1.00247407,2.245642871,1.203011042,1.0,1.0
128.0,-0.785834859,-0.202945942,0.7561909509999999,0.1617025269999999,0.0,1.0
129.0,-1.736944911,-2.201766262,1.873279891,2.244319558,1.0,1.0
130.0,0.943456145,-0.202945942,-0.360897989,-0.879605988,0.0,1.0
131.0,0.143659056,-0.202945942,-0.360897989,1.203011042,0.0,1.0
132.0,-0.223815282,-0.202945942,0.383827971,0.1617025269999999,1.0,1.0
133.0,-1.434318985,-1.802002198,1.128553931,0.1617025269999999,1.0,1.0
134.0,-0.180583007,-0.202945942,0.7561909509999999,-0.879605988,0.0,1.0
135.0,-1.066844647,-1.802002198,1.128553931,1.203011042,0.0,1.0
136.0,0.619214082,0.596582186,0.011464991,-0.879605988,1.0,1.0
137.0,0.273355881,0.1968181219999999,-0.360897989,-0.879605988,1.0,1.0
138.0,0.943456145,-0.202945942,-0.360897989,-0.879605988,1.0,1.0
139.0,1.159617521,0.99634625,0.011464991,-0.879605988,0.0,1.0
140.0,0.5327495320000001,0.1968181219999999,-0.360897989,-0.879605988,1.0,1.0
141.0,0.078810643,0.1968181219999999,-0.733260969,-0.879605988,1.0,1.0
142.0,1.159617521,0.596582186,0.011464991,-0.879605988,0.0,1.0
143.0,0.943456145,0.596582186,-0.733260969,0.1617025269999999,0.0,1.0
144.0,0.98668842,0.1968181219999999,-0.360897989,-0.879605988,1.0,1.0
145.0,1.116385246,0.596582186,-0.360897989,1.203011042,0.0,1.0
146.0,0.965072283,0.596582186,-1.1056239490000002,-0.879605988,0.0,1.0
147.0,-0.007653907,0.1968181219999999,-1.4779869280000002,0.1617025269999999,1.0,1.0
148.0,0.078810643,-0.202945942,0.7561909509999999,-0.879605988,0.0,1.0
149.0,1.505475722,1.396110314,-1.1056239490000002,0.1617025269999999,0.0,1.0
150.0,0.28416395,-0.202945942,0.7561909509999999,2.244319558,1.0,1.0
151.0,-0.569673483,-0.602710006,0.383827971,1.203011042,0.0,1.0
152.0,0.251739744,0.1968181219999999,0.7561909509999999,0.1617025269999999,1.0,1.0
153.0,0.575981807,0.1968181219999999,0.383827971,0.1617025269999999,1.0,1.0
154.0,0.3382042939999999,0.596582186,-0.360897989,-0.879605988,0.0,1.0
155.0,0.316588156,0.1968181219999999,-0.360897989,0.1617025269999999,0.0,1.0
156.0,-1.283006022,-1.00247407,-0.360897989,2.244319558,1.0,1.0
157.0,0.81375932,0.99634625,-0.360897989,0.1617025269999999,0.0,1.0
158.0,-1.066844647,-1.402238134,1.128553931,2.244319558,0.0,1.0
159.0,1.505475722,0.99634625,-0.360897989,-0.879605988,1.0,1.0
160.0,-0.785834859,-1.00247407,1.128553931,-0.879605988,1.0,1.0
161.0,-1.6504803609999998,-1.802002198,1.128553931,2.244319558,1.0,1.0
162.0,0.792143183,0.596582186,-0.360897989,1.203011042,1.0,1.0
163.0,1.419011171,1.795874379,-1.4779869280000002,0.1617025269999999,1.0,1.0
164.0,1.0731529709999998,0.1968181219999999,-0.733260969,-0.879605988,1.0,1.0
165.0,-0.764218721,-0.602710006,1.128553931,0.1617025269999999,1.0,1.0
166.0,0.705678632,0.596582186,-0.733260969,2.244319558,1.0,1.0
167.0,0.965072283,0.99634625,-0.733260969,-0.879605988,0.0,1.0
168.0,0.057194506,-0.202945942,-0.360897989,-0.879605988,0.0,1.0
169.0,0.424668844,0.596582186,-1.1056239490000002,0.1617025269999999,1.0,1.0
170.0,0.359820432,-0.202945942,1.873279891,0.1617025269999999,1.0,1.0
171.0,-0.699370308,0.1968181219999999,0.7561909509999999,-0.879605988,1.0,1.0
172.0,0.424668844,0.99634625,-0.733260969,-0.879605988,0.0,1.0
173.0,-0.33189597,-0.202945942,0.7561909509999999,0.1617025269999999,0.0,1.0
174.0,0.932648077,0.596582186,-1.1056239490000002,-0.879605988,1.0,1.0
175.0,0.662446357,0.1968181219999999,-0.733260969,-0.879605988,0.0,1.0
176.0,-0.915531684,-1.00247407,1.128553931,0.1617025269999999,1.0,1.0
177.0,0.72729477,0.596582186,-0.360897989,2.244319558,0.0,1.0
178.0,0.403052707,0.1968181219999999,-1.1056239490000002,0.1617025269999999,0.0,1.0
179.0,0.013962231,0.1968181219999999,0.011464991,1.203011042,0.0,1.0
180.0,0.186891331,0.596582186,0.383827971,-0.879605988,0.0,1.0
181.0,0.143659056,0.99634625,-0.360897989,0.1617025269999999,1.0,1.0
182.0,0.424668844,0.99634625,0.383827971,1.203011042,1.0,1.0
183.0,-0.396744383,-0.202945942,0.011464991,2.244319558,1.0,1.0
184.0,1.116385246,0.596582186,-0.360897989,1.203011042,1.0,1.0
185.0,0.122042918,0.1968181219999999,1.128553931,-0.879605988,0.0,1.0
186.0,-0.937147821,-0.202945942,0.011464991,2.244319558,0.0,1.0
187.0,-1.174925334,-1.402238134,1.500916911,-0.879605988,0.0,1.0
188.0,-1.239773747,-1.00247407,1.128553931,-0.879605988,0.0,1.0
189.0,0.81375932,0.596582186,-0.360897989,-0.879605988,0.0,1.0
190.0,1.354162759,0.99634625,-0.733260969,0.1617025269999999,0.0,1.0
191.0,1.505475722,0.596582186,-1.1056239490000002,-0.879605988,0.0,1.0
192.0,1.397395034,1.396110314,-1.4779869280000002,0.1617025269999999,0.0,1.0
193.0,0.424668844,0.99634625,0.011464991,0.1617025269999999,1.0,1.0
194.0,-0.223815282,-0.202945942,-0.360897989,0.1617025269999999,1.0,1.0
195.0,1.354162759,1.396110314,-0.360897989,0.1617025269999999,1.0,1.0
196.0,0.597597945,0.596582186,0.383827971,2.244319558,0.0,1.0
197.0,1.246082071,1.396110314,-0.360897989,2.244319558,1.0,1.0
198.0,0.705678632,0.99634625,-1.1056239490000002,-0.879605988,1.0,1.0
199.0,1.2893143459999998,1.795874379,-1.4779869280000002,-0.879605988,0.0,1.0
200.0,0.078810643,0.1968181219999999,-0.360897989,0.1617025269999999,1.0,1.0
201.0,0.381436569,0.1968181219999999,-1.1056239490000002,-0.879605988,0.0,1.0
202.0,-0.396744383,-0.602710006,-0.360897989,-0.879605988,0.0,0.0
203.0,-0.396744383,-0.602710006,0.011464991,-0.879605988,1.0,0.0
204.0,0.1004267809999999,0.1968181219999999,0.7561909509999999,0.1617025269999999,0.0,0.0
205.0,-1.823409461,-2.201766262,1.500916911,-0.879605988,0.0,0.0
206.0,-0.548057346,-0.202945942,-0.360897989,-0.879605988,0.0,0.0
207.0,-0.007653907,-0.202945942,-0.360897989,-0.879605988,0.0,0.0
208.0,0.2085074689999999,-0.202945942,0.383827971,0.1617025269999999,0.0,0.0
209.0,0.7489109070000001,0.596582186,-1.4779869280000002,1.203011042,0.0,0.0
210.0,0.878607733,0.99634625,-0.733260969,1.203011042,0.0,0.0
211.0,0.7489109070000001,0.596582186,-0.360897989,-0.879605988,0.0,0.0
212.0,0.262547813,0.596582186,-0.733260969,-0.879605988,0.0,0.0
213.0,0.965072283,0.99634625,-0.360897989,1.203011042,0.0,0.0
214.0,-0.061694251,0.1968181219999999,0.383827971,-0.879605988,0.0,0.0
215.0,0.467901119,0.99634625,0.7561909509999999,-0.879605988,0.0,0.0
216.0,-0.396744383,-0.602710006,0.383827971,-0.879605988,0.0,0.0
217.0,0.316588156,0.99634625,-0.360897989,-0.879605988,0.0,0.0
218.0,-1.953106286,-2.201766262,1.873279891,0.1617025269999999,0.0,0.0
219.0,0.72729477,0.99634625,-0.733260969,-0.879605988,1.0,0.0
220.0,-0.310279832,-0.202945942,1.500916911,0.1617025269999999,0.0,0.0
221.0,-0.569673483,-0.202945942,-0.360897989,-0.879605988,1.0,0.0
222.0,-1.56401581,-1.802002198,2.245642871,-0.879605988,0.0,0.0
223.0,0.186891331,0.1968181219999999,0.011464991,-0.879605988,0.0,0.0
224.0,-0.4399766579999999,-0.602710006,1.128553931,0.1617025269999999,1.0,0.0
225.0,-1.03442044,0.1968181219999999,1.128553931,-0.879605988,1.0,0.0
226.0,0.078810643,0.1968181219999999,1.128553931,-0.879605988,0.0,0.0
227.0,-1.56401581,-1.00247407,1.873279891,-0.879605988,0.0,0.0
228.0,-0.6193905989999999,-0.202945942,1.128553931,-0.879605988,0.0,0.0
229.0,1.0731529709999998,0.596582186,-0.733260969,-0.879605988,0.0,0.0
230.0,-1.21815761,-1.802002198,2.245642871,-0.879605988,0.0,0.0
231.0,-0.6777541709999999,-0.202945942,-0.733260969,0.1617025269999999,0.0,0.0
232.0,0.7489109070000001,0.596582186,-0.733260969,-0.879605988,0.0,0.0
233.0,-0.15896687,-0.202945942,0.383827971,0.1617025269999999,0.0,0.0
234.0,1.116385246,0.1968181219999999,-1.1056239490000002,1.203011042,0.0,0.0
235.0,-0.937147821,-0.602710006,1.128553931,0.1617025269999999,0.0,0.0
236.0,0.5327495320000001,0.596582186,-0.360897989,0.1617025269999999,0.0,0.0
237.0,-0.41836052,-0.602710006,-0.360897989,-0.879605988,0.0,0.0
238.0,-1.412702848,-1.00247407,1.500916911,-0.879605988,0.0,0.0
239.0,-0.277855626,0.596582186,0.383827971,-0.879605988,0.0,0.0
240.0,1.431980854,1.396110314,-1.1056239490000002,-0.879605988,0.0,0.0
241.0,-1.845025599,-1.802002198,2.618005851,-0.879605988,1.0,0.0
242.0,-1.045228509,-1.00247407,1.128553931,0.1617025269999999,0.0,0.0
243.0,0.64083022,0.596582186,-1.1056239490000002,0.1617025269999999,0.0,0.0
244.0,-1.931490149,2.595402507,0.7561909509999999,-0.879605988,0.0,0.0
245.0,0.72729477,0.596582186,0.383827971,-0.879605988,0.0,0.0
246.0,1.419011171,1.396110314,-1.4779869280000002,1.203011042,1.0,0.0
247.0,1.267698209,1.795874379,-0.360897989,0.1617025269999999,0.0,0.0
248.0,0.5327495320000001,0.596582186,-1.1056239490000002,-0.879605988,0.0,0.0
249.0,0.165275194,0.1968181219999999,0.383827971,-0.879605988,0.0,0.0
250.0,-0.980380097,-0.202945942,0.7561909509999999,-0.879605988,0.0,0.0
251.0,1.159617521,0.99634625,-1.4779869280000002,0.1617025269999999,1.0,0.0
252.0,1.494667653,0.99634625,-0.733260969,-0.879605988,1.0,0.0
253.0,0.7597189759999999,0.596582186,0.383827971,-0.879605988,0.0,0.0
254.0,-2.298964487,-1.402238134,1.500916911,-0.879605988,0.0,0.0
255.0,-1.088460784,-0.602710006,0.383827971,-0.879605988,0.0,0.0
256.0,1.1877185,0.918438336,-1.1056239490000002,-0.879605988,0.0,0.0
257.0,-1.261389885,-0.602710006,1.128553931,-0.879605988,0.0,0.0
258.0,0.230123606,0.596582186,-0.360897989,0.1617025269999999,1.0,0.0
259.0,1.094769108,1.795874379,-1.1056239490000002,0.1617025269999999,1.0,0.0
260.0,-0.980380097,-0.602710006,0.7561909509999999,-0.879605988,0.0,0.0
261.0,-0.180583007,0.596582186,-0.360897989,-0.879605988,0.0,0.0
262.0,0.467901119,0.1968181219999999,0.383827971,0.1617025269999999,1.0,0.0
263.0,-2.190883799,-2.601530326,2.618005851,2.244319558,0.0,0.0
264.0,0.251739744,0.596582186,-0.733260969,-0.879605988,0.0,0.0
265.0,0.359820432,0.596582186,-1.1056239490000002,-0.879605988,0.0,0.0
266.0,-0.33189597,0.1968181219999999,0.011464991,-0.879605988,0.0,0.0
267.0,1.332546621,1.396110314,-0.360897989,-0.879605988,0.0,0.0
268.0,-1.21815761,-1.00247407,1.128553931,-0.879605988,0.0,0.0
269.0,1.138001383,1.396110314,-1.4779869280000002,-0.879605988,1.0,0.0
270.0,-1.283006022,-1.00247407,1.128553931,1.203011042,0.0,0.0
271.0,-0.169774938,-0.602710006,0.7561909509999999,-0.879605988,1.0,0.0
272.0,1.0731529709999998,0.99634625,-1.1056239490000002,1.203011042,0.0,0.0
273.0,0.489517257,0.99634625,-0.733260969,0.1617025269999999,0.0,0.0
274.0,1.483859584,1.795874379,-1.1056239490000002,1.203011042,0.0,0.0
275.0,-0.202199145,1.396110314,-0.733260969,-0.879605988,1.0,0.0
276.0,0.965072283,1.396110314,-1.1056239490000002,-0.879605988,0.0,0.0
277.0,-0.4399766579999999,-0.202945942,0.011464991,-0.879605988,0.0,0.0
278.0,0.662446357,0.596582186,-0.360897989,-0.879605988,0.0,0.0
279.0,1.397395034,0.99634625,-1.1056239490000002,-0.879605988,0.0,0.0
280.0,-0.037916499,0.596582186,0.383827971,-0.879605988,0.0,0.0
281.0,-0.785834859,-0.202945942,0.7561909509999999,-0.879605988,0.0,0.0
282.0,-1.358662504,-1.402238134,1.128553931,2.244319558,0.0,0.0
283.0,-0.548057346,-0.602710006,1.128553931,-0.879605988,0.0,0.0
284.0,0.965072283,1.795874379,-0.360897989,-0.879605988,0.0,0.0
285.0,-0.4399766579999999,-0.202945942,-0.360897989,0.1617025269999999,0.0,0.0
286.0,0.8807693459999999,1.396110314,-1.1056239490000002,-0.879605988,0.0,0.0
287.0,1.138001383,0.99634625,-0.733260969,0.1617025269999999,0.0,0.0
288.0,0.186891331,0.596582186,-0.360897989,0.1617025269999999,0.0,0.0
289.0,0.3706284999999999,0.596582186,0.011464991,1.203011042,0.0,0.0
290.0,-1.239773747,-1.402238134,1.128553931,-0.879605988,0.0,0.0
291.0,-1.953106286,-1.802002198,2.245642871,-0.879605988,0.0,0.0
292.0,0.878607733,1.396110314,-0.360897989,0.1617025269999999,0.0,0.0
293.0,-0.072502319,0.1968181219999999,0.7561909509999999,-0.879605988,0.0,0.0
294.0,0.013962231,0.1968181219999999,1.128553931,-0.879605988,0.0,0.0
295.0,1.375778896,1.396110314,-0.733260969,0.1617025269999999,0.0,0.0
296.0,-2.298964487,-0.663642359,2.245642871,-0.879605988,0.0,0.0
297.0,1.494667653,1.396110314,-1.4779869280000002,-0.879605988,0.0,0.0
298.0,1.34335469,1.795874379,-1.1056239490000002,-0.879605988,0.0,0.0
299.0,-0.2108456,-0.602710006,0.7561909509999999,1.203011042,0.0,0.0
300.0,-0.223815282,0.1968181219999999,-1.4779869280000002,-0.879605988,0.0,0.0
301.0,0.511133394,-0.202945942,0.383827971,-0.879605988,1.0,0.0
302.0,-0.344865653,0.1968181219999999,0.383827971,-0.879605988,0.0,0.0
303.0,0.316588156,0.596582186,0.383827971,-0.879605988,0.0,0.0
304.0,-0.6777541709999999,-1.00247407,0.011464991,0.1617025269999999,0.0,0.0
305.0,-0.461592795,-0.602710006,0.383827971,-0.879605988,0.0,0.0
306.0,-0.24543142,-0.202945942,-0.360897989,-0.879605988,0.0,0.0
307.0,-1.909874011,-1.468695022,2.618005851,-0.879605988,0.0,0.0
308.0,0.424668844,0.596582186,-1.4779869280000002,-0.879605988,0.0,0.0
309.0,0.14582067,0.596582186,-1.1056239490000002,-0.879605988,0.0,0.0
310.0,-0.6777541709999999,-0.602710006,-0.360897989,0.1617025269999999,0.0,0.0
311.0,-0.7426025829999999,-0.602710006,0.7561909509999999,0.1617025269999999,0.0,0.0
312.0,0.2085074689999999,0.596582186,-0.360897989,-0.879605988,0.0,0.0
313.0,0.381436569,0.1968181219999999,-0.360897989,2.244319558,0.0,0.0
314.0,-0.4399766579999999,0.1968181219999999,0.011464991,-0.879605988,0.0,0.0
315.0,-1.520783535,-0.202945942,0.383827971,0.1617025269999999,0.0,0.0
316.0,0.381436569,0.99634625,-0.360897989,-0.879605988,0.0,0.0
317.0,-0.4832089329999999,0.596582186,0.011464991,0.1617025269999999,0.0,0.0
318.0,0.273355881,0.1968181219999999,-0.733260969,-0.879605988,0.0,0.0
319.0,-1.21815761,-0.602710006,-0.360897989,1.203011042,0.0,0.0
320.0,-0.958763959,-0.602710006,0.383827971,0.1617025269999999,1.0,0.0
321.0,-0.569673483,-0.202945942,0.383827971,0.1617025269999999,1.0,0.0
322.0,-2.169267662,-2.201766262,0.7561909509999999,-0.879605988,0.0,0.0
323.0,-1.996338561,-2.201766262,0.383827971,0.1617025269999999,1.0,0.0
324.0,-0.41836052,0.1968181219999999,-1.4779869280000002,1.203011042,1.0,0.0
325.0,-1.866641736,-1.802002198,2.618005851,0.1617025269999999,1.0,0.0
326.0,0.64083022,-0.202945942,-1.4779869280000002,0.1617025269999999,0.0,0.0
327.0,1.051536833,1.396110314,-0.733260969,1.203011042,1.0,0.0
328.0,1.2893143459999998,0.596582186,0.383827971,-0.879605988,0.0,0.0
329.0,0.243093289,0.596582186,0.011464991,-0.879605988,0.0,0.0
330.0,1.267698209,1.795874379,-0.733260969,2.244319558,1.0,0.0
331.0,1.440627309,1.396110314,-0.360897989,-0.879605988,1.0,0.0
332.0,0.165275194,0.1968181219999999,0.011464991,2.244319558,0.0,0.0
333.0,-0.0941184569999999,0.1968181219999999,-0.360897989,-0.879605988,1.0,0.0
334.0,-0.050886182,0.1968181219999999,-0.360897989,1.203011042,0.0,0.0
335.0,-0.612905758,-0.602710006,0.383827971,0.1617025269999999,1.0,0.0
336.0,-1.823409461,-2.201766262,0.7561909509999999,1.203011042,0.0,0.0
337.0,0.446284982,0.1968181219999999,-1.1056239490000002,1.203011042,1.0,0.0
338.0,1.116385246,0.596582186,-1.1056239490000002,-0.879605988,1.0,0.0
339.0,0.424668844,0.1968181219999999,0.383827971,0.1617025269999999,1.0,0.0
340.0,-1.953106286,-2.601530326,2.618005851,2.244319558,1.0,0.0
341.0,0.381436569,-0.202945942,-0.733260969,-0.879605988,1.0,0.0
342.0,-1.823409461,-2.201766262,1.873279891,-0.879605988,0.0,0.0
343.0,0.943456145,0.99634625,0.383827971,2.244319558,0.0,0.0
344.0,0.98668842,1.396110314,-0.360897989,0.1617025269999999,0.0,0.0
345.0,-0.137350732,0.1968181219999999,0.011464991,-0.879605988,0.0,0.0
346.0,0.878607733,0.1968181219999999,-1.1056239490000002,2.244319558,0.0,0.0
347.0,-2.169267662,-1.00247407,1.128553931,-0.879605988,1.0,0.0
348.0,-2.039570836,-2.201766262,0.011464991,0.1617025269999999,0.0,0.0
349.0,0.856991595,0.99634625,0.011464991,2.244319558,1.0,0.0
350.0,1.332546621,1.396110314,-1.4779869280000002,0.1617025269999999,0.0,0.0
351.0,-1.866641736,-1.402238134,-0.360897989,0.1617025269999999,1.0,0.0
352.0,-1.434318985,-1.00247407,0.011464991,2.244319558,1.0,0.0
353.0,1.462243447,1.795874379,-0.360897989,1.203011042,1.0,0.0
354.0,1.202849796,0.596582186,-0.360897989,0.1617025269999999,1.0,0.0
355.0,-1.607248085,-1.402238134,0.7561909509999999,0.1617025269999999,1.0,0.0
356.0,-1.996338561,-1.802002198,1.873279891,-0.879605988,1.0,0.0
357.0,-2.27734835,-2.201766262,2.245642871,-0.879605988,1.0,0.0
358.0,-0.353512108,-0.202945942,-0.360897989,2.244319558,1.0,0.0
359.0,-0.915531684,-1.00247407,1.500916911,-0.879605988,1.0,0.0
360.0,-2.126035387,-1.402238134,1.128553931,2.244319558,0.0,0.0
361.0,1.029920696,-0.202945942,-0.360897989,-0.879605988,1.0,0.0
362.0,0.597597945,0.99634625,-0.360897989,0.1617025269999999,0.0,0.0
363.0,0.251739744,0.1968181219999999,0.011464991,-0.879605988,1.0,0.0
364.0,1.375778896,1.396110314,-0.733260969,0.1617025269999999,1.0,0.0
365.0,-2.082803112,-1.802002198,1.128553931,2.244319558,1.0,0.0
366.0,-2.082803112,-2.201766262,1.500916911,1.203011042,0.0,0.0
367.0,-0.699370308,-0.602710006,-0.360897989,-0.879605988,1.0,0.0
368.0,0.2085074689999999,0.1968181219999999,-0.360897989,-0.879605988,1.0,0.0
369.0,-1.780177186,-1.802002198,1.873279891,-0.879605988,0.0,0.0
370.0,-0.0941184569999999,0.596582186,0.011464991,2.244319558,1.0,0.0
371.0,-0.915531684,-1.402238134,1.128553931,1.203011042,1.0,0.0
372.0,1.159617521,0.99634625,-0.360897989,1.203011042,1.0,0.0
373.0,0.078810643,0.1968181219999999,-0.360897989,1.203011042,1.0,0.0
374.0,0.72729477,0.596582186,-0.733260969,-0.879605988,1.0,0.0
375.0,1.419011171,1.396110314,-0.360897989,0.1617025269999999,0.0,0.0
376.0,1.246082071,0.99634625,-0.360897989,0.1617025269999999,0.0,0.0
377.0,-1.131693059,-1.402238134,0.7561909509999999,-0.879605988,0.0,0.0
378.0,0.856991595,0.99634625,-0.360897989,2.244319558,1.0,0.0
379.0,0.921840008,1.396110314,-0.360897989,2.244319558,0.0,0.0
380.0,-0.50482507,-0.37826364,-0.360897989,1.203011042,0.0,0.0
381.0,-0.656138033,-1.00247407,-0.360897989,0.1617025269999999,0.0,0.0
382.0,-2.082803112,-2.201766262,1.500916911,1.203011042,0.0,0.0
383.0,-1.3694705719999998,-1.802002198,0.7561909509999999,0.1617025269999999,0.0,0.0
384.0,-0.24543142,0.596582186,-0.360897989,0.1617025269999999,0.0,0.0
385.0,-1.196541472,-0.602710006,-0.733260969,0.1617025269999999,0.0,0.0
386.0,0.835375458,0.1968181219999999,-0.733260969,-0.879605988,1.0,0.0
387.0,1.354162759,0.99634625,-1.4779869280000002,1.203011042,0.0,0.0
388.0,0.72729477,0.596582186,-0.733260969,0.1617025269999999,0.0,0.0
389.0,0.186891331,0.596582186,-0.360897989,1.203011042,0.0,0.0
390.0,1.202849796,0.99634625,-1.4779869280000002,-0.879605988,1.0,0.0
391.0,0.770527045,-0.202945942,-0.360897989,1.203011042,1.0,0.0
392.0,-0.202199145,-0.202945942,-0.733260969,-0.879605988,0.0,0.0
393.0,-1.853672054,-2.201766262,1.500916911,0.1617025269999999,1.0,0.0
394.0,1.419011171,0.1968181219999999,-1.4779869280000002,-0.879605988,1.0,0.0
395.0,-1.953106286,-1.802002198,2.245642871,0.1617025269999999,0.0,0.0
396.0,0.835375458,-0.139101885,0.383827971,-0.879605988,1.0,0.0
397.0,-1.875288191,-1.802002198,1.873279891,1.203011042,0.0,0.0
398.0,-0.115734595,-0.602710006,-1.1056239490000002,2.244319558,0.0,0.0
399.0,0.81375932,0.596582186,-0.733260969,0.1617025269999999,0.0,0.0
400.0,0.64083022,0.596582186,-0.360897989,0.1617025269999999,0.0,0.0
401.0,1.224465934,0.99634625,-0.733260969,0.1617025269999999,0.0,0.0
402.0,-0.24543142,-0.602710006,0.011464991,-0.879605988,0.0,0.0
403.0,-0.353512108,0.1968181219999999,-0.360897989,-0.879605988,0.0,0.0
404.0,0.5327495320000001,-0.202945942,-1.1056239490000002,-0.879605988,0.0,0.0
405.0,-2.298964487,-2.601530326,2.618005851,-0.879605988,1.0,0.0
406.0,0.381436569,-0.202945942,-1.1056239490000002,-0.879605988,0.0,0.0
407.0,1.181233658,1.396110314,-0.733260969,0.1617025269999999,0.0,0.0
408.0,0.511133394,-0.602710006,-0.360897989,-0.879605988,0.0,0.0
409.0,1.159617521,0.1968181219999999,0.7561909509999999,-0.879605988,0.0,0.0
410.0,1.159617521,0.596582186,-1.1056239490000002,0.1617025269999999,1.0,0.0
411.0,1.332546621,1.795874379,-0.360897989,-0.879605988,0.0,0.0
412.0,0.597597945,0.596582186,-0.360897989,1.203011042,1.0,0.0
413.0,-0.15896687,-0.202945942,0.011464991,-0.879605988,1.0,0.0
414.0,0.72729477,0.1968181219999999,-1.1056239490000002,1.203011042,1.0,0.0
415.0,-0.785834859,-0.602710006,0.011464991,0.1617025269999999,1.0,0.0
416.0,-0.223815282,-0.602710006,-0.733260969,0.1617025269999999,1.0,0.0
417.0,-0.050886182,-0.602710006,-0.360897989,-0.879605988,0.0,0.0
418.0,-0.24543142,-0.202945942,0.011464991,1.203011042,1.0,0.0
419.0,-1.4559351230000002,-1.402238134,0.011464991,-0.879605988,1.0,0.0
420.0,-0.115734595,-0.602710006,0.011464991,-0.879605988,1.0,0.0
421.0,0.446284982,0.1968181219999999,-0.733260969,0.1617025269999999,0.0,0.0
422.0,0.770527045,0.99634625,-1.1056239490000002,1.203011042,0.0,0.0
423.0,-0.137350732,-0.202945942,-1.1056239490000002,-0.879605988,1.0,0.0
424.0,0.770527045,0.1968181219999999,-1.4779869280000002,-0.879605988,1.0,0.0
425.0,1.094769108,0.596582186,-0.360897989,-0.879605988,1.0,0.0
426.0,1.138001383,0.1968181219999999,0.011464991,-0.879605988,1.0,0.0
427.0,0.705678632,0.596582186,-1.1056239490000002,-0.879605988,0.0,0.0
428.0,-0.072502319,-0.202945942,-0.360897989,0.1617025269999999,0.0,0.0
429.0,-1.628864223,-1.402238134,1.873279891,2.244319558,0.0,0.0
430.0,0.2085074689999999,-0.202945942,1.128553931,1.203011042,0.0,0.0
431.0,1.332546621,0.99634625,-1.4779869280000002,-0.879605988,0.0,0.0
432.0,-1.324076684,-0.602710006,1.873279891,0.1617025269999999,1.0,0.0
433.0,0.165275194,0.1968181219999999,-1.4779869280000002,-0.879605988,0.0,0.0
434.0,0.230123606,0.596582186,-0.733260969,-0.879605988,0.0,0.0
435.0,-1.953106286,-1.802002198,1.873279891,-0.879605988,1.0,0.0
436.0,-1.7153287730000002,-1.402238134,1.128553931,2.244319558,1.0,0.0
437.0,-0.7426025829999999,-1.00247407,1.128553931,0.1617025269999999,0.0,0.0
438.0,-2.255732212,-1.402238134,1.500916911,-0.879605988,1.0,0.0
439.0,-1.088460784,-1.402238134,1.128553931,-0.879605988,1.0,0.0
440.0,-1.283006022,-1.402238134,1.128553931,0.1617025269999999,0.0,0.0
441.0,-0.5264412079999999,-0.602710006,0.7561909509999999,1.203011042,1.0,0.0
442.0,0.81375932,-0.373869316,-0.733260969,0.1617025269999999,1.0,0.0
443.0,-1.045228509,-1.00247407,1.128553931,1.203011042,1.0,0.0
444.0,-1.6504803609999998,-1.802002198,1.873279891,-0.879605988,0.0,0.0
445.0,0.3382042939999999,-0.202945942,-1.4779869280000002,1.203011042,0.0,0.0
446.0,-1.6720964980000002,-1.402238134,1.873279891,2.244319558,1.0,0.0
447.0,-1.283006022,-0.202945942,0.011464991,-0.879605988,1.0,0.0
448.0,-1.283006022,-1.00247407,1.128553931,0.1617025269999999,1.0,0.0
449.0,0.64083022,0.596582186,-0.360897989,1.203011042,0.0,0.0
450.0,0.3382042939999999,0.1968181219999999,-0.733260969,0.1617025269999999,0.0,0.0
451.0,-0.548057346,0.596582186,1.500916911,-0.879605988,1.0,0.0
452.0,0.965072283,0.1968181219999999,-0.733260969,0.1617025269999999,1.0,0.0
453.0,1.181233658,0.596582186,-1.850349908,0.1617025269999999,1.0,0.0
454.0,1.051536833,1.795874379,-0.360897989,-0.879605988,1.0,0.0
455.0,0.489517257,-0.602710006,0.011464991,0.1617025269999999,1.0,0.0
456.0,-1.4559351230000002,-0.602710006,0.383827971,0.1617025269999999,0.0,0.0
457.0,0.467901119,0.1968181219999999,0.383827971,0.1617025269999999,0.0,0.0
458.0,1.159617521,0.596582186,-0.733260969,1.203011042,0.0,0.0
459.0,0.792143183,0.99634625,-1.1056239490000002,2.244319558,0.0,0.0
460.0,-0.720986446,-0.202945942,1.128553931,-0.879605988,0.0,0.0
461.0,0.3382042939999999,-0.602710006,-0.360897989,-0.879605988,1.0,0.0
462.0,0.632183765,0.99634625,-0.360897989,0.1617025269999999,0.0,0.0
463.0,-0.8939155459999999,-0.602710006,1.128553931,-0.879605988,1.0,0.0
464.0,0.424668844,0.99634625,-0.733260969,-0.879605988,1.0,0.0
465.0,1.246082071,1.795874379,-0.733260969,2.244319558,0.0,0.0
466.0,0.792143183,0.596582186,-1.1056239490000002,0.1617025269999999,1.0,0.0
467.0,0.273355881,-0.202945942,-0.360897989,1.203011042,1.0,0.0
468.0,-0.267047557,-0.202945942,1.128553931,-0.879605988,1.0,0.0
469.0,-0.980380097,-1.00247407,1.500916911,0.1617025269999999,1.0,0.0
470.0,0.7489109070000001,0.1968181219999999,-0.733260969,-0.879605988,1.0,0.0
471.0,0.81375932,0.596582186,0.011464991,0.1617025269999999,0.0,0.0
472.0,0.057194506,0.1968181219999999,-0.360897989,-0.879605988,1.0,0.0
473.0,0.554365669,0.1968181219999999,-0.360897989,-0.879605988,1.0,0.0
474.0,0.662446357,0.596582186,-1.1056239490000002,1.203011042,0.0,0.0
475.0,0.230123606,0.596582186,0.383827971,0.1617025269999999,1.0,0.0
476.0,-1.30462216,-1.402238134,1.128553931,0.1617025269999999,1.0,0.0
477.0,0.316588156,0.596582186,-1.1056239490000002,0.1617025269999999,1.0,0.0
478.0,0.72729477,1.396110314,-0.360897989,1.203011042,1.0,0.0
479.0,0.5327495320000001,0.596582186,-1.4779869280000002,0.1617025269999999,1.0,0.0
480.0,-0.007653907,-0.602710006,-0.360897989,0.1617025269999999,1.0,0.0
481.0,1.505475722,0.99634625,-1.1056239490000002,2.244319558,1.0,0.0
482.0,0.273355881,0.596582186,-0.360897989,-0.879605988,1.0,0.0
483.0,-2.082803112,-2.201766262,1.128553931,-0.879605988,0.0,0.0
484.0,-1.239773747,-1.00247407,0.011464991,0.1617025269999999,1.0,0.0
485.0,-0.267047557,-0.602710006,0.383827971,-0.879605988,0.0,0.0
486.0,-1.736944911,-3.401058454,1.128553931,-0.879605988,1.0,0.0
487.0,-0.396744383,-1.402238134,-0.360897989,0.1617025269999999,1.0,0.0
488.0,-1.823409461,-1.802002198,1.873279891,2.244319558,1.0,0.0
489.0,-0.115734595,-0.202945942,-0.733260969,2.244319558,1.0,0.0
490.0,1.159617521,0.99634625,-1.4779869280000002,0.1617025269999999,0.0,0.0
491.0,1.2893143459999998,0.1968181219999999,-0.733260969,1.203011042,0.0,0.0
492.0,-0.007653907,-0.602710006,0.383827971,-0.879605988,0.0,0.0
493.0,-0.41836052,-0.602710006,0.011464991,1.203011042,0.0,0.0
494.0,1.138001383,0.99634625,-1.1056239490000002,0.1617025269999999,0.0,0.0
495.0,-1.909874011,-2.601530326,2.618005851,0.1617025269999999,1.0,0.0
496.0,0.662446357,0.99634625,0.383827971,0.1617025269999999,1.0,0.0
497.0,-1.931490149,-2.201766262,2.245642871,1.203011042,0.0,0.0
498.0,-0.310279832,0.596582186,-0.733260969,-0.879605988,0.0,0.0
499.0,0.316588156,0.596582186,-0.733260969,0.1617025269999999,0.0,0.0
500.0,0.835375458,0.596582186,-1.1056239490000002,0.1617025269999999,1.0,0.0
501.0,0.856991595,0.1968181219999999,-0.360897989,0.1617025269999999,0.0,0.0
502.0,0.3382042939999999,0.1968181219999999,-0.360897989,0.1617025269999999,1.0,0.0
503.0,-0.310279832,-0.202945942,-0.360897989,-0.879605988,1.0,0.0
504.0,0.575981807,0.1968181219999999,-1.4779869280000002,1.203011042,1.0,0.0
505.0,0.467901119,-0.602710006,-1.1056239490000002,0.1617025269999999,0.0,0.0
506.0,-0.656138033,-1.00247407,0.7561909509999999,0.1617025269999999,0.0,0.0
507.0,-0.310279832,-0.202945942,-1.1056239490000002,-0.879605988,0.0,0.0
508.0,0.705678632,0.596582186,-0.360897989,0.1617025269999999,0.0,0.0
509.0,0.943456145,0.1968181219999999,-0.733260969,-0.879605988,0.0,0.0
510.0,0.554365669,0.1968181219999999,-0.360897989,0.1617025269999999,0.0,0.0
511.0,0.7489109070000001,0.596582186,-0.733260969,-0.879605988,1.0,0.0
512.0,0.81375932,0.1968181219999999,-0.360897989,-0.879605988,1.0,0.0
513.0,0.662446357,0.99634625,-0.733260969,0.1617025269999999,1.0,0.0
514.0,-1.088460784,-1.402238134,1.128553931,1.203011042,1.0,0.0
515.0,-0.007653907,-0.202945942,-1.1056239490000002,0.1617025269999999,1.0,0.0
516.0,1.181233658,0.596582186,-1.1056239490000002,-0.879605988,1.0,0.0
517.0,-0.720986446,-0.602710006,1.500916911,1.203011042,0.0,0.0
518.0,0.057194506,0.1968181219999999,-0.360897989,0.1617025269999999,1.0,0.0
519.0,0.1004267809999999,0.1968181219999999,-0.733260969,0.1617025269999999,0.0,0.0
520.0,-1.110076922,-1.402238134,0.383827971,-0.879605988,1.0,0.0
521.0,0.122042918,-0.202945942,-0.360897989,1.203011042,0.0,0.0
522.0,-0.699370308,-0.202945942,0.011464991,-0.879605988,1.0,0.0
523.0,0.186891331,0.596582186,-0.733260969,2.244319558,1.0,0.0
524.0,0.143659056,0.1968181219999999,-1.4779869280000002,1.203011042,1.0,0.0
525.0,-0.4399766579999999,-0.202945942,-0.360897989,1.203011042,0.0,0.0
526.0,-0.310279832,0.596582186,-0.360897989,0.1617025269999999,1.0,0.0
527.0,0.1004267809999999,-0.202945942,-1.1056239490000002,-0.879605988,1.0,0.0
528.0,-1.110076922,-1.00247407,-1.1056239490000002,0.1617025269999999,1.0,0.0
529.0,-0.202199145,0.596582186,-1.1056239490000002,-0.879605988,1.0,0.0
530.0,-0.15896687,-0.202945942,-1.1056239490000002,0.1617025269999999,1.0,0.0
531.0,-2.731287238,-3.800822518,2.618005851,0.1617025269999999,0.0,0.0
532.0,-1.607248085,-1.402238134,2.990368831,-0.879605988,0.0,0.0
533.0,-1.21815761,-0.602710006,1.500916911,-0.879605988,0.0,0.0
534.0,-1.326238297,-1.802002198,1.500916911,-0.879605988,0.0,0.0
535.0,0.078810643,0.1968181219999999,0.383827971,0.1617025269999999,0.0,0.0
536.0,-0.375128245,-1.802002198,0.383827971,-0.879605988,0.0,0.0
537.0,0.251739744,0.079686432,0.7561909509999999,-0.879605988,0.0,0.0
538.0,-1.261389885,-0.202945942,2.245642871,-0.879605988,0.0,0.0
539.0,-0.785834859,-0.602710006,1.128553931,-0.879605988,0.0,0.0
540.0,-0.591289621,-0.535303182,-0.360897989,0.1617025269999999,0.0,0.0
541.0,-1.174925334,-1.280569934,0.7561909509999999,0.1617025269999999,0.0,0.0
542.0,0.835375458,-0.602710006,-0.733260969,-0.879605988,0.0,0.0
543.0,-0.4832089329999999,-0.602710006,0.7561909509999999,0.1617025269999999,0.0,0.0
544.0,0.489517257,0.596582186,-0.733260969,0.1617025269999999,0.0,0.0
545.0,-1.47755126,-1.5829688569999998,1.500916911,-0.879605988,0.0,0.0
546.0,0.403052707,-0.202945942,-0.733260969,0.1617025269999999,0.0,0.0
547.0,-0.310279832,-0.71772142,1.500916911,-0.879605988,1.0,0.0
548.0,1.181233658,0.99634625,-1.850349908,1.203011042,0.0,0.0
549.0,-1.866641736,-1.402238134,0.011464991,-0.879605988,1.0,0.0
550.0,0.165275194,0.1968181219999999,0.011464991,0.1617025269999999,0.0,0.0
551.0,0.1004267809999999,0.596582186,0.011464991,1.203011042,0.0,0.0
552.0,1.159617521,0.99634625,-1.850349908,-0.879605988,1.0,0.0
553.0,-1.47755126,-0.602710006,1.873279891,2.244319558,0.0,0.0
554.0,-0.8290671340000001,-1.402238134,1.128553931,0.1617025269999999,0.0,0.0
555.0,0.446284982,-0.263796226,-1.4779869280000002,-0.879605988,0.0,0.0
556.0,-0.050886182,0.1968181219999999,-0.360897989,0.1617025269999999,0.0,0.0
557.0,0.965072283,0.1968181219999999,0.011464991,0.1617025269999999,0.0,0.0
558.0,-0.8939155459999999,-0.602710006,-0.360897989,-0.879605988,0.0,0.0
559.0,-2.515125863,-3.401058454,2.990368831,0.1617025269999999,0.0,0.0
560.0,1.202849796,0.596582186,-1.4779869280000002,-0.879605988,0.0,0.0
561.0,-0.7426025829999999,-1.00247407,1.128553931,-0.879605988,1.0,0.0
562.0,0.122042918,0.1968181219999999,-0.360897989,-0.879605988,1.0,0.0
563.0,0.2085074689999999,0.1968181219999999,0.011464991,-0.879605988,0.0,0.0
564.0,-1.585631948,-1.00247407,1.128553931,-0.879605988,1.0,0.0
565.0,1.332546621,0.99634625,0.7561909509999999,0.1617025269999999,0.0,0.0
566.0,1.419011171,1.396110314,-0.733260969,2.244319558,0.0,0.0
567.0,0.2085074689999999,0.99634625,1.128553931,0.1617025269999999,0.0,0.0
568.0,-0.569673483,-1.00247407,2.618005851,-0.879605988,0.0,0.0
569.0,0.98668842,0.99634625,-1.1056239490000002,2.244319558,1.0,0.0
570.0,-0.656138033,-0.202945942,0.011464991,-0.879605988,0.0,0.0
571.0,-0.24543142,-0.202945942,0.383827971,1.203011042,0.0,0.0
572.0,0.684062495,0.596582186,-1.4779869280000002,-0.879605988,1.0,0.0
573.0,-0.656138033,-0.602710006,1.128553931,0.1617025269999999,1.0,0.0
574.0,0.511133394,0.596582186,0.011464991,-0.879605988,1.0,0.0
575.0,-1.023612372,-1.402238134,1.128553931,0.1617025269999999,0.0,0.0
576.0,1.0731529709999998,0.1968181219999999,-0.360897989,-0.879605988,0.0,0.0
577.0,1.419011171,0.596582186,-1.4779869280000002,1.203011042,0.0,0.0
578.0,-1.44296544,-1.802002198,1.128553931,0.1617025269999999,0.0,0.0
579.0,1.397395034,1.396110314,-1.4779869280000002,-0.879605988,0.0,0.0
580.0,0.2085074689999999,0.1968181219999999,0.383827971,1.203011042,0.0,0.0
581.0,0.122042918,0.1968181219999999,-0.360897989,0.1617025269999999,0.0,0.0
582.0,1.354162759,0.1968181219999999,-1.1056239490000002,1.203011042,1.0,0.0
583.0,0.251739744,0.596582186,-0.733260969,0.1617025269999999,0.0,0.0
584.0,0.72729477,0.99634625,-1.850349908,-0.879605988,1.0,0.0
585.0,1.202849796,0.596582186,-1.1056239490000002,-0.879605988,1.0,0.0
586.0,1.397395034,0.1968181219999999,-0.360897989,0.1617025269999999,0.0,0.0
587.0,0.294972019,-0.202945942,-0.360897989,-0.879605988,1.0,0.0
588.0,-0.569673483,0.1968181219999999,-1.1056239490000002,2.244319558,0.0,0.0
589.0,0.122042918,0.596582186,-0.733260969,0.1617025269999999,0.0,0.0
590.0,0.078810643,0.596582186,-1.1056239490000002,-0.879605988,0.0,0.0
591.0,-0.872299409,-0.602710006,0.7561909509999999,-0.879605988,0.0,0.0
592.0,1.224465934,0.1968181219999999,-1.4779869280000002,-0.879605988,0.0,0.0
593.0,0.3382042939999999,0.99634625,-0.733260969,-0.879605988,0.0,0.0
594.0,0.2085074689999999,0.1968181219999999,-1.1056239490000002,2.244319558,1.0,0.0
595.0,0.294972019,-0.202945942,-0.360897989,-0.879605988,0.0,0.0
596.0,0.186891331,0.1968181219999999,-0.360897989,0.1617025269999999,1.0,0.0
597.0,1.029920696,0.99634625,-0.360897989,1.203011042,1.0,0.0
598.0,-1.6720964980000002,-1.802002198,2.245642871,1.203011042,0.0,0.0
599.0,1.094769108,0.99634625,-1.4779869280000002,-0.879605988,0.0,0.0
600.0,0.662446357,0.99634625,-0.733260969,-0.879605988,1.0,0.0
601.0,1.397395034,0.99634625,-1.1056239490000002,-0.879605988,0.0,0.0
602.0,-0.569673483,0.1968181219999999,-0.360897989,-0.879605988,1.0,0.0
603.0,-0.029270044,-0.602710006,-0.360897989,-0.879605988,0.0,0.0
604.0,0.943456145,0.99634625,-1.4779869280000002,1.203011042,0.0,0.0
605.0,0.662446357,0.1968181219999999,-1.4779869280000002,2.244319558,0.0,0.0
606.0,1.267698209,0.1968181219999999,-1.1056239490000002,-0.879605988,0.0,0.0
607.0,-0.180583007,-0.202945942,-1.850349908,-0.879605988,0.0,0.0
608.0,-1.909874011,-1.402238134,0.7561909509999999,0.1617025269999999,0.0,0.0
609.0,-0.548057346,-1.00247407,0.011464991,-0.879605988,0.0,0.0
610.0,0.511133394,-0.202945942,-0.360897989,2.244319558,0.0,0.0
611.0,1.440627309,0.596582186,-1.4779869280000002,1.203011042,1.0,0.0
612.0,1.440627309,1.396110314,-1.1056239490000002,0.1617025269999999,0.0,0.0
613.0,0.359820432,0.1968181219999999,0.011464991,-0.879605988,0.0,0.0
614.0,1.051536833,1.795874379,-1.1056239490000002,0.1617025269999999,1.0,0.0
615.0,1.051536833,0.596582186,0.011464991,0.1617025269999999,0.0,0.0
616.0,1.483859584,0.596582186,-0.360897989,-0.879605988,0.0,0.0
617.0,0.251739744,1.396110314,-0.360897989,0.1617025269999999,0.0,0.0
618.0,0.921840008,0.99634625,-1.4779869280000002,0.1617025269999999,0.0,0.0
619.0,1.354162759,0.596582186,-1.1056239490000002,-0.879605988,0.0,0.0
620.0,0.013962231,-0.602710006,0.011464991,0.1617025269999999,0.0,0.0
621.0,0.81375932,0.99634625,-0.733260969,-0.879605988,1.0,0.0
622.0,0.72729477,0.596582186,-0.360897989,1.203011042,0.0,0.0
623.0,0.511133394,-0.202945942,-0.733260969,-0.879605988,0.0,0.0
624.0,-0.288663695,0.1968181219999999,0.7561909509999999,0.1617025269999999,0.0,0.0
625.0,1.008304558,1.396110314,-1.1056239490000002,2.244319558,1.0,0.0
626.0,-0.288663695,0.1968181219999999,-0.733260969,-0.879605988,1.0,0.0
627.0,-0.288663695,0.1968181219999999,-0.360897989,0.1617025269999999,0.0,0.0
628.0,0.72729477,0.596582186,-0.733260969,-0.879605988,0.0,0.0
629.0,0.316588156,0.1968181219999999,-0.733260969,2.244319558,0.0,0.0
630.0,-0.396744383,-0.602710006,0.7561909509999999,-0.879605988,1.0,0.0
631.0,1.008304558,0.99634625,-1.4779869280000002,0.1617025269999999,0.0,0.0
632.0,-0.850683271,-1.00247407,0.7561909509999999,2.244319558,1.0,0.0
633.0,-1.434318985,-1.402238134,0.7561909509999999,-0.879605988,0.0,0.0
634.0,1.440627309,0.99634625,-1.4779869280000002,-0.879605988,0.0,0.0
635.0,0.856991595,0.1968181219999999,-0.360897989,-0.879605988,1.0,0.0
636.0,1.008304558,0.99634625,-1.1056239490000002,-0.879605988,0.0,0.0
637.0,0.143659056,-0.202945942,-0.733260969,0.1617025269999999,0.0,0.0
638.0,0.013962231,0.1968181219999999,0.383827971,0.1617025269999999,0.0,0.0
639.0,-1.239773747,-0.602710006,-0.360897989,0.1617025269999999,0.0,0.0
640.0,-0.180583007,0.596582186,-0.360897989,-0.879605988,0.0,0.0
641.0,-0.785834859,-0.602710006,0.7561909509999999,-0.879605988,0.0,0.0
642.0,1.159617521,0.596582186,-0.360897989,0.1617025269999999,1.0,0.0
643.0,-0.958763959,-1.00247407,1.128553931,1.203011042,0.0,0.0
644.0,-0.375128245,0.1968181219999999,-0.360897989,-0.879605988,0.0,0.0
645.0,-0.548057346,-0.202945942,-0.360897989,-0.879605988,0.0,0.0
646.0,-0.15896687,-3.800822518,0.383827971,0.1617025269999999,0.0,0.0
647.0,-0.764218721,-1.00247407,0.7561909509999999,-0.879605988,1.0,0.0
648.0,0.1004267809999999,-0.077177673,0.011464991,-0.879605988,0.0,0.0
649.0,-1.758561048,-1.339692346,0.383827971,-0.879605988,1.0,0.0
650.0,-0.050886182,0.1968181219999999,1.500916911,-0.879605988,0.0,0.0
651.0,-0.850683271,-0.602710006,0.7561909509999999,-0.879605988,0.0,0.0
652.0,0.230123606,-0.202945942,0.011464991,1.203011042,0.0,0.0
653.0,-0.15896687,-2.201766262,-0.733260969,-0.879605988,1.0,0.0
654.0,-1.585631948,-1.802002198,1.128553931,1.203011042,1.0,0.0
655.0,-0.50482507,-0.202945942,0.011464991,2.244319558,1.0,0.0
656.0,-1.801793323,-2.201766262,1.873279891,-0.879605988,0.0,0.0
657.0,-1.023612372,-0.202945942,1.128553931,0.1617025269999999,0.0,0.0
658.0,-0.353512108,0.1968181219999999,0.7561909509999999,-0.879605988,1.0,0.0
659.0,-1.088460784,-1.00247407,0.383827971,-0.879605988,1.0,0.0
660.0,1.159617521,1.396110314,-0.360897989,-0.879605988,0.0,0.0
661.0,0.186891331,1.08442046,0.011464991,0.1617025269999999,0.0,0.0
662.0,-0.7426025829999999,-0.978717043,1.128553931,-0.879605988,0.0,0.0
663.0,0.684062495,-0.098364848,0.011464991,-0.879605988,0.0,0.0
664.0,-0.4832089329999999,0.1968181219999999,-0.733260969,-0.879605988,1.0,0.0
665.0,-2.190883799,-2.201766262,1.873279891,-0.879605988,0.0,0.0
666.0,-0.375128245,0.222428693,-0.360897989,1.203011042,1.0,0.0
667.0,-0.029270044,-0.202945942,0.011464991,0.1617025269999999,0.0,0.0
668.0,0.856991595,1.064917018,-1.1056239490000002,-0.879605988,0.0,0.0
669.0,0.90022387,0.99634625,-0.360897989,-0.879605988,0.0,0.0
670.0,0.81375932,0.601994186,-1.1056239490000002,-0.879605988,0.0,0.0
671.0,1.419011171,0.596582186,-0.360897989,-0.879605988,1.0,0.0
672.0,-1.56401581,-1.802002198,1.500916911,-0.879605988,0.0,0.0
673.0,-0.310279832,0.1968181219999999,0.7561909509999999,2.244319558,0.0,0.0
674.0,0.770527045,0.596582186,1.128553931,-0.879605988,0.0,0.0
675.0,1.462243447,0.99634625,0.011464991,0.1617025269999999,0.0,0.0
676.0,1.440627309,0.1968181219999999,-1.1056239490000002,-0.879605988,0.0,0.0
677.0,1.310930484,1.396110314,-1.4779869280000002,2.244319558,0.0,0.0
678.0,0.662446357,0.596582186,-0.733260969,-0.879605988,0.0,0.0
679.0,1.094769108,0.596582186,0.011464991,-0.879605988,0.0,0.0
680.0,0.230123606,0.99634625,0.011464991,0.1617025269999999,0.0,0.0
681.0,-0.4399766579999999,-0.202945942,0.011464991,0.1617025269999999,0.0,0.0
682.0,-0.850683271,-0.202945942,-0.360897989,-0.879605988,0.0,0.0
683.0,1.224465934,0.8878771759999999,0.011464991,-0.879605988,0.0,0.0
684.0,0.921840008,1.396110314,-0.733260969,0.1617025269999999,0.0,0.0
685.0,-0.15896687,0.596582186,-1.4779869280000002,-0.879605988,0.0,0.0
686.0,1.138001383,-0.202945942,-0.360897989,-0.879605988,0.0,0.0
687.0,0.921840008,0.596582186,-0.360897989,-0.879605988,0.0,0.0
688.0,1.440627309,1.180165161,-0.733260969,0.1617025269999999,0.0,0.0
689.0,1.202849796,0.596582186,-1.4779869280000002,0.1617025269999999,0.0,0.0
690.0,-1.823409461,-1.402238134,1.128553931,-0.879605988,0.0,0.0
691.0,1.375778896,1.396110314,-1.1056239490000002,1.203011042,0.0,0.0
692.0,-1.39108671,-1.00247407,0.383827971,-0.879605988,0.0,0.0
693.0,1.462243447,0.99634625,-0.360897989,-0.879605988,0.0,0.0
694.0,0.122042918,0.1968181219999999,0.011464991,-0.879605988,0.0,0.0
695.0,0.770527045,0.596582186,0.383827971,-0.879605988,0.0,0.0
696.0,-2.255732212,-2.601530326,2.245642871,-0.879605988,0.0,0.0
697.0,-1.4559351230000002,-1.402238134,2.245642871,-0.879605988,0.0,0.0
698.0,0.403052707,-0.202945942,0.011464991,-0.879605988,0.0,0.0
699.0,1.483859584,1.396110314,-0.360897989,1.203011042,1.0,0.0
700.0,0.835375458,1.396110314,0.011464991,2.244319558,0.0,0.0
701.0,-0.180583007,0.1968181219999999,-0.360897989,-0.879605988,0.0,0.0
702.0,-0.223815282,0.1968181219999999,-0.360897989,-0.879605988,1.0,0.0
703.0,0.792143183,1.396110314,-0.360897989,-0.879605988,0.0,0.0
704.0,-0.915531684,0.1968181219999999,0.7561909509999999,-0.879605988,1.0,0.0
705.0,-0.461592795,0.596582186,0.011464991,-0.879605988,0.0,0.0
706.0,-0.548057346,-0.202945942,-0.360897989,-0.879605988,1.0,0.0
707.0,-0.007653907,-0.202945942,0.7561909509999999,0.1617025269999999,0.0,0.0
708.0,0.230123606,0.1968181219999999,0.7561909509999999,1.203011042,1.0,0.0
709.0,0.575981807,0.99634625,-0.360897989,-0.879605988,0.0,0.0
710.0,-1.736944911,-1.802771642,2.245642871,1.203011042,0.0,0.0
711.0,-1.4559351230000002,-1.00247407,1.500916911,0.1617025269999999,0.0,0.0
712.0,-0.461592795,0.1968181219999999,0.7561909509999999,-0.879605988,0.0,0.0
713.0,0.662446357,0.596582186,-0.360897989,0.1617025269999999,0.0,0.0
714.0,-0.15896687,0.1968181219999999,-0.733260969,1.203011042,0.0,0.0
715.0,1.159617521,0.596582186,-0.360897989,-0.879605988,0.0,0.0
716.0,1.310930484,0.99634625,-1.1056239490000002,-0.879605988,1.0,0.0
717.0,-0.267047557,0.1968181219999999,0.383827971,-0.879605988,1.0,0.0
718.0,-1.801793323,-1.402238134,1.873279891,0.1617025269999999,0.0,0.0
719.0,-1.7153287730000002,-1.402238134,1.873279891,-0.879605988,1.0,0.0
720.0,0.424668844,0.699177467,0.7561909509999999,1.203011042,0.0,0.0
721.0,1.051536833,0.596582186,-0.733260969,-0.879605988,1.0,0.0
722.0,-1.7153287730000002,-1.00247407,-0.733260969,0.1617025269999999,0.0,0.0
723.0,-2.169267662,-2.601530326,2.618005851,0.1617025269999999,0.0,0.0
724.0,1.159617521,-0.202945942,-0.733260969,-0.879605988,0.0,0.0
725.0,1.246082071,0.1968181219999999,-0.733260969,0.1617025269999999,0.0,0.0
726.0,0.705678632,0.99634625,-0.360897989,-0.879605988,0.0,0.0
727.0,0.057194506,-0.602710006,0.011464991,-0.879605988,0.0,0.0
728.0,1.159617521,1.396110314,-0.360897989,0.1617025269999999,1.0,0.0
729.0,1.332546621,0.99634625,-0.733260969,0.1617025269999999,0.0,0.0
730.0,-0.8939155459999999,0.1968181219999999,0.7561909509999999,0.1617025269999999,0.0,0.0
731.0,0.511133394,0.1968181219999999,0.011464991,0.1617025269999999,0.0,0.0
732.0,-1.0019962340000002,-0.602710006,1.128553931,-0.879605988,0.0,0.0
733.0,0.81375932,0.99634625,-1.1056239490000002,0.1617025269999999,0.0,0.0
734.0,-0.072502319,-0.202945942,-0.360897989,1.203011042,0.0,0.0
735.0,-0.137350732,0.1968181219999999,-0.360897989,0.1617025269999999,0.0,0.0
736.0,0.359820432,-0.202945942,-0.733260969,-0.879605988,0.0,0.0
737.0,0.705678632,0.596582186,-1.1056239490000002,0.1617025269999999,0.0,0.0
738.0,-2.169267662,-1.4592445230000002,2.618005851,-0.879605988,1.0,0.0
739.0,-1.888257874,-1.704380829,2.245642871,2.244319558,0.0,0.0
740.0,1.246082071,1.396110314,-1.4779869280000002,2.244319558,0.0,0.0
741.0,-0.33189597,0.596582186,-0.360897989,0.1617025269999999,0.0,0.0
742.0,-0.007653907,-0.202945942,-0.360897989,0.1617025269999999,0.0,0.0
743.0,0.72729477,-0.202945942,-0.733260969,-0.879605988,0.0,0.0
744.0,1.181233658,0.1968181219999999,-1.4779869280000002,0.1617025269999999,0.0,0.0
745.0,-0.288663695,-0.202945942,-1.4779869280000002,-0.879605988,0.0,0.0
746.0,-0.137350732,0.596582186,-0.360897989,-0.879605988,0.0,0.0
